﻿{
  "auditReportVersion": 2,
  "vulnerabilities": {
    "@angular-devkit/schematics-cli": {
      "name": "@angular-devkit/schematics-cli",
      "severity": "low",
      "isDirect": false,
      "via": [
        "inquirer"
      ],
      "effects": [
        "@nestjs/cli"
      ],
      "range": "0.12.0-beta.0 - 18.1.0-rc.1",
      "nodes": [
        "node_modules/@angular-devkit/schematics-cli"
      ],
      "fixAvailable": true
    },
    "@nestjs/cli": {
      "name": "@nestjs/cli",
      "severity": "high",
      "isDirect": true,
      "via": [
        "@angular-devkit/schematics-cli",
        "glob",
        "inquirer"
      ],
      "effects": [],
      "range": "2.0.0-rc.1 - 10.4.9",
      "nodes": [
        "node_modules/@nestjs/cli"
      ],
      "fixAvailable": true
    },
    "external-editor": {
      "name": "external-editor",
      "severity": "low",
      "isDirect": false,
      "via": [
        "tmp"
      ],
      "effects": [
        "inquirer"
      ],
      "range": ">=1.1.1",
      "nodes": [
        "node_modules/external-editor"
      ],
      "fixAvailable": true
    },
    "glob": {
      "name": "glob",
      "severity": "high",
      "isDirect": false,
      "via": [
        {
          "source": 1109842,
          "name": "glob",
          "dependency": "glob",
          "title": "glob CLI: Command injection via -c/--cmd executes matches with shell:true",
          "url": "https://github.com/advisories/GHSA-5j98-mcp5-4vw2",
          "severity": "high",
          "cwe": [
            "CWE-78"
          ],
          "cvss": {
            "score": 7.5,
            "vectorString": "CVSS:3.1/AV:N/AC:H/PR:L/UI:N/S:U/C:H/I:H/A:H"
          },
          "range": ">=10.2.0 <10.5.0"
        }
      ],
      "effects": [
        "@nestjs/cli"
      ],
      "range": "10.2.0 - 10.4.5",
      "nodes": [
        "node_modules/glob"
      ],
      "fixAvailable": true
    },
    "inquirer": {
      "name": "inquirer",
      "severity": "low",
      "isDirect": false,
      "via": [
        "external-editor"
      ],
      "effects": [
        "@angular-devkit/schematics-cli",
        "@nestjs/cli"
      ],
      "range": "3.0.0 - 8.2.6 || 9.0.0 - 9.3.7",
      "nodes": [
        "node_modules/@angular-devkit/schematics-cli/node_modules/inquirer",
        "node_modules/inquirer"
      ],
      "fixAvailable": true
    },
    "tmp": {
      "name": "tmp",
      "severity": "low",
      "isDirect": false,
      "via": [
        {
          "source": 1109537,
          "name": "tmp",
          "dependency": "tmp",
          "title": "tmp allows arbitrary temporary file / directory write via symbolic link `dir` parameter",
          "url": "https://github.com/advisories/GHSA-52f5-9888-hmc6",
          "severity": "low",
          "cwe": [
            "CWE-59"
          ],
          "cvss": {
            "score": 2.5,
            "vectorString": "CVSS:3.1/AV:L/AC:H/PR:L/UI:N/S:U/C:N/I:L/A:N"
          },
          "range": "<=0.2.3"
        }
      ],
      "effects": [
        "external-editor"
      ],
      "range": "<=0.2.3",
      "nodes": [
        "node_modules/tmp"
      ],
      "fixAvailable": true
    }
  },
  "metadata": {
    "vulnerabilities": {
      "info": 0,
      "low": 4,
      "moderate": 0,
      "high": 2,
      "critical": 0,
      "total": 6
    },
    "dependencies": {
      "prod": 191,
      "dev": 337,
      "optional": 13,
      "peer": 2,
      "peerOptional": 0,
      "total": 538
    }
  }
}
